{"validation_loss": 3.8761661052703857, "bleu": 10.20071137811149}