{"validation_loss": 3.2477152347564697, "bleu": 13.644863886360538}