{"validation_loss": 4.4713335037231445, "bleu": 6.32162283469476}