{"validation_loss": 3.723212718963623, "bleu": 10.486578660517287}