{"validation_loss": 4.218107223510742, "bleu": 8.97284916204871}