{"validation_loss": 3.350778818130493, "bleu": 13.65822002351643}