{"validation_loss": 3.5875070095062256, "bleu": 11.479499309112406}