{"validation_loss": 4.93287467956543, "bleu": 5.911653801547651}