{"validation_loss": 3.475268840789795, "bleu": 12.172273566855774}