{"validation_loss": 4.015506744384766, "bleu": 9.548047810754042}